数据结构,2-3树,链表
数据结构,B+树,2-3树
数据结构,B+树,链表
数据结构,有序对,线图
数据结构,四叉树,数据结构
数据结构,线性探测,线段树
数据结构,完全二分图,红黑树
数据结构,平衡树,序列
数据结构,图论术语,递归类型
数据结构,2-3树,AA树
数据结构,链表,AA树
数据结构,B+树,AA树
数据结构,补图,复合型别
数据结构,多重关连数组,伸展树
数据结构,B+树,2-3-4树
数据结构,多重关连数组,关联数组
数据结构,2-3-4树,2-3树
数据结构,链表,二元搜寻树
数据结构,2-3树,二元搜寻树
数据结构,B+树,二元搜寻树
数据结构,2-3-4树,链表
数据结构,深度优先搜索,广度优先搜索
数据结构,有序对,AA树
数据结构,AA树,线图
数据结构,2-3-4树,AA树
数据结构,二元搜寻树,AA树
数据结构,B树,链表
数据结构,斐波那契堆,二项堆
数据结构,B树,2-3树
数据结构,原始型别,数组
数据结构,字符串,链表
数据结构,字符串,2-3树
数据结构,数据结构,链表
数据结构,四叉树,链表
数据结构,数据结构,2-3树
数据结构,字符串,AA树
数据结构,四叉树,2-3树
数据结构,双端队列,补图
数据结构,四叉树,B+树
数据结构,2-3-4树,二元搜寻树
数据结构,二项堆,链表
数据结构,数据结构,抽象资料型别
数据结构,数据结构,朱迪矩阵
数据结构,B树,AA树
数据结构,二项堆,2-3树
数据结构,二叉堆,B+树
数据结构,四叉树,朱迪矩阵
数据结构,朱迪矩阵,链表
数据结构,朱迪矩阵,2-3树
数据结构,2-3-4树,替罪羊树
数据结构,AVL树,链表
数据结构,二叉堆,链表
数据结构,多重关连数组,数组
数据结构,图论术语,二分图
数据结构,AVL树,2-3树
数据结构,二叉堆,2-3树
数据结构,二叉堆,替罪羊树
数据结构,二项堆,AA树
数据结构,数据结构,AA树
数据结构,替罪羊树,2-3树
数据结构,B树,二元搜寻树
数据结构,二分图,补图
数据结构,广度优先搜索,链表
数据结构,替罪羊树,链表
数据结构,数组,字符串
数据结构,数组,抽象资料型别
数据结构,广度优先搜索,2-3树
数据结构,二叉堆,AA树
数据结构,霍夫曼编码,链表
数据结构,AVL树,AA树
数据结构,深度优先搜索,链表
数据结构,原始型别,字符串
数据结构,替罪羊树,二项堆
数据结构,霍夫曼编码,2-3树
数据结构,广度优先搜索,AA树
数据结构,二项堆,二元搜寻树
数据结构,字符串,B树
数据结构,斐波那契堆,链表
数据结构,深度优先搜索,2-3树
数据结构,AVL树,二元搜寻树
数据结构,朱迪矩阵,AA树
数据结构,替罪羊树,AA树
数据结构,字符串,二元搜寻树
数据结构,笛卡尔树,链表
数据结构,树状数组,二项堆
数据结构,2-3树,笛卡尔树
数据结构,霍夫曼编码,AA树
数据结构,斐波那契堆,2-3树
数据结构,原始型别,资料类型
数据结构,凯莱图,线图
数据结构,二叉树,二元搜寻树
数据结构,深度优先搜索,AA树
数据结构,替罪羊树,二元搜寻树
数据结构,笛卡尔树,AA树
数据结构,数组,关联数组
数据结构,有序对,凯莱图
数据结构,二项堆,AVL树
数据结构,霍夫曼编码,字符串
数据结构,抽象资料型别,AA树
数据结构,斐波那契堆,AA树
数据结构,朱迪矩阵,字符串
数据结构,广度优先搜索,二元搜寻树
数据结构,笛卡尔树,二元搜寻树
数据结构,完全二分图,二分图
数据结构,霍夫曼编码,2-3-4树
数据结构,深度优先搜索,二元搜寻树
数据结构,朱迪矩阵,B树
数据结构,二分图,凯莱图
数据结构,K-d树,2-3树
数据结构,K-d树,链表
数据结构,B树,AVL树
数据结构,空字元串,数组
数据结构,斐波那契堆,替罪羊树
数据结构,连通图,二分图
数据结构,抽象资料型别,链表
数据结构,多重关连数组,抽象资料型别
数据结构,二叉树,二项堆
数据结构,平衡树,替罪羊树
数据结构,多重关连数组,数据结构
数据结构,抽象资料型别,2-3树
数据结构,空字元串,字符串
数据结构,2-3树,树旋转
数据结构,树旋转,链表
数据结构,连通图,补图
数据结构,哈希表,散列函数
数据结构,平衡树,二叉堆
数据结构,平衡树,B树
数据结构,K-d树,AA树
数据结构,树堆,B+树
数据结构,抽象资料型别,关联数组
数据结构,平衡树,AA树
数据结构,树堆,链表
数据结构,树状数组,二叉堆
数据结构,树堆,2-3树
数据结构,原始型别,抽象资料型别
数据结构,树旋转,AA树
数据结构,K-d树,二项堆
数据结构,二叉树,AA树
数据结构,线性探测,二叉堆
数据结构,树旋转,二元搜寻树
数据结构,哈希表,二项堆
数据结构,AA树,凯莱图
数据结构,图论术语,补图
数据结构,二叉树,链表
数据结构,链表,Alpha-beta剪枝
数据结构,抽象资料型别,B树
数据结构,数组,布隆过滤器
数据结构,数组,B树
数据结构,资料类型,序列
数据结构,关联数组,伸展树
数据结构,图论术语,连通图
数据结构,哈希表,链表
数据结构,布隆过滤器,AA树
数据结构,红黑树,链表
数据结构,一笔画问题,连通图
数据结构,红黑树,2-3树
数据结构,可变长数组,数组
数据结构,二分图,递归类型
数据结构,二叉树,2-3树
数据结构,数组,二叉树
数据结构,哈希表,2-3树
数据结构,树堆,AVL树
数据结构,树旋转,伸展树
数据结构,红黑树,AA树
数据结构,八叉树,AA树
数据结构,补图,线图
数据结构,八叉树,2-3-4树
数据结构,K-d树,二元搜寻树
数据结构,原始型别,关联数组
数据结构,哈希表,朱迪矩阵
数据结构,空字元串,2-3-4树
数据结构,图论术语,凯莱图
数据结构,树堆,AA树
数据结构,线性探测,朱迪矩阵
数据结构,八叉树,2-3树
数据结构,八叉树,链表
数据结构,完美散列,序列
数据结构,广度优先搜索,AVL树
数据结构,布隆过滤器,链表
数据结构,完全二分图,凯莱图
数据结构,线性探测,哈希表
数据结构,布隆过滤器,序列
数据结构,AA树,序列
数据结构,随机图,二分图
数据结构,链表,有序对
数据结构,补图,凯莱图
数据结构,一笔画问题,二分图
数据结构,布隆过滤器,2-3树
数据结构,线段树,链表
数据结构,有序对,补图
数据结构,正则图,补图
数据结构,Alpha-beta剪枝,AA树
数据结构,AVL树,笛卡尔树
数据结构,树状数组,霍夫曼编码
数据结构,二元搜寻树,Alpha-beta剪枝
数据结构,连通图,凯莱图
数据结构,双端队列,复合型别
数据结构,系统发生树,链表
数据结构,正则图,二分图
数据结构,红黑树,二分图
数据结构,一笔画问题,正则图
数据结构,系统发生树,B+树
数据结构,系统发生树,2-3树
数据结构,正则图,凯莱图
数据结构,笛卡尔树,序列
数据结构,红黑树,二元搜寻树
数据结构,AA树,补图
数据结构,二元搜寻树,有序对
数据结构,布隆过滤器,抽象资料型别
数据结构,散列函数,序列
数据结构,线性探测,散列函数
数据结构,一笔画问题,凯莱图
数据结构,关联数组,AA树
数据结构,线段树,AA树
数据结构,空字元串,原始型别
数据结构,链表,线图
数据结构,散列函数,布隆过滤器
数据结构,二元搜寻树,序列
数据结构,二分图,线图
数据结构,树状数组,笛卡尔树
数据结构,树状数组,B+树
数据结构,空字元串,多重关连数组
数据结构,系统发生树,AA树
数据结构,完全二分图,线图
数据结构,完全二分图,AA树
数据结构,散列函数,B树
数据结构,连通图,正则图
数据结构,邻接矩阵,正则图
数据结构,二元搜寻树,线图
数据结构,线性杂凑,深度优先搜索
数据结构,八叉树,二元搜寻树
数据结构,线段树,笛卡尔树
数据结构,散列函数,AA树
数据结构,随机图,序列
数据结构,连通图,线图
数据结构,散列函数,链表
数据结构,笛卡尔树,树旋转
数据结构,随机图,AA树
数据结构,关联数组,链表
数据结构,二分图,AA树
数据结构,线段树,二元搜寻树
数据结构,系统发生树,四叉树
数据结构,一笔画问题,补图
数据结构,完美散列,字符串
数据结构,关联数组,2-3树
数据结构,伸展树,AA树
数据结构,有序对,序列
数据结构,关联数组,广度优先搜索
数据结构,随机图,平衡树
数据结构,完美散列,数组
数据结构,随机图,B+树
数据结构,邻接矩阵,序列
数据结构,树旋转,序列
数据结构,完美散列,AA树
数据结构,完美散列,2-3-4树
数据结构,线图,序列
数据结构,堆栈,AA树
数据结构,资料类型,链表
数据结构,伸展树,序列
数据结构,递归类型,AA树
数据结构,双端队列,替罪羊树
数据结构,递归类型,补图
数据结构,邻接矩阵,连通图
数据结构,佩特森图,正则图
数据结构,资料类型,笛卡尔树
数据结构,可变长数组,多重关连数组
数据结构,递归类型,凯莱图
数据结构,可变长数组,原始型别
数据结构,堆栈,二元搜寻树
数据结构,资料类型,复合型别
数据结构,可变长数组,关联数组
数据结构,递归类型,线图
数据结构,邻接矩阵,二项堆
数据结构,资料类型,AA树
数据结构,凯莱图,序列
数据结构,佩特森图,递归类型
数据结构,线性杂凑,递归类型
数据结构,邻接矩阵,AA树
数据结构,线性杂凑,广度优先搜索
数据结构,递归类型,序列
数据结构,堆栈,有序对
数据结构,双端队列,抽象资料型别
数据结构,堆栈,队列
数据结构,堆栈,链表
数据结构,双端队列,二分图
数据结构,正则图,线图
数据结构,线段树,序列
数据结构,正则图,AA树
数据结构,Alpha-beta剪枝,序列
数据结构,队列,AA树
数据结构,复合型别,线图
数据结构,佩特森图,树旋转
数据结构,补图,序列
数据结构,AA树,复合型别
数据结构,线性杂凑,链表
数据结构,可变长数组,抽象资料型别
数据结构,线性杂凑,2-3树
数据结构,凯莱图,复合型别
数据结构,佩特森图,二分图
数据结构,复合型别,序列
数据结构,Alpha-beta剪枝,递归类型
数据结构,伸展树,有序对
数据结构,伸展树,Alpha-beta剪枝
数据结构,佩特森图,笛卡尔树
数据结构,伸展树,线图
数据结构,Alpha-beta剪枝,线图
数据结构,对话树,补图
数据结构,队列,序列
数据结构,队列,Alpha-beta剪枝
数据结构,Alpha-beta剪枝,补图
数据结构,相位阵列,有序对
数据结构,相位阵列,线图
数据结构,相位阵列,序列
数据结构,队列,有序对
数据结构,相位阵列,平衡树
数据结构,对话树,序列
数据结构,相位阵列,堆栈
数据结构,队列,线图
数据结构,对话树,Alpha-beta剪枝
数据结构,对话树,复合型别
数据结构,对话树,链表
